-- MySQL dump 10.13  Distrib 5.7.19, for Linux (x86_64)
--
-- Host: localhost    Database: emocat
-- ------------------------------------------------------
-- Server version	5.7.19-0ubuntu0.16.04.1

/*!40101 SET @OLD_CHARACTER_SET_CLIENT=@@CHARACTER_SET_CLIENT */;
/*!40101 SET @OLD_CHARACTER_SET_RESULTS=@@CHARACTER_SET_RESULTS */;
/*!40101 SET @OLD_COLLATION_CONNECTION=@@COLLATION_CONNECTION */;
/*!40101 SET NAMES utf8 */;
/*!40103 SET @OLD_TIME_ZONE=@@TIME_ZONE */;
/*!40103 SET TIME_ZONE='+00:00' */;
/*!40014 SET @OLD_UNIQUE_CHECKS=@@UNIQUE_CHECKS, UNIQUE_CHECKS=0 */;
/*!40014 SET @OLD_FOREIGN_KEY_CHECKS=@@FOREIGN_KEY_CHECKS, FOREIGN_KEY_CHECKS=0 */;
/*!40101 SET @OLD_SQL_MODE=@@SQL_MODE, SQL_MODE='NO_AUTO_VALUE_ON_ZERO' */;
/*!40111 SET @OLD_SQL_NOTES=@@SQL_NOTES, SQL_NOTES=0 */;

--
-- Table structure for table `device`
--

DROP TABLE IF EXISTS `device`;
/*!40101 SET @saved_cs_client     = @@character_set_client */;
/*!40101 SET character_set_client = utf8 */;
CREATE TABLE `device` (
  `id` int(11) NOT NULL AUTO_INCREMENT,
  `deviceId` text NOT NULL,
  `createdAt` datetime NOT NULL,
  `updatedAt` datetime NOT NULL,
  `user_id` int(11) DEFAULT NULL,
  PRIMARY KEY (`id`),
  KEY `user_id` (`user_id`),
  CONSTRAINT `device_ibfk_1` FOREIGN KEY (`user_id`) REFERENCES `user` (`id`) ON DELETE CASCADE ON UPDATE CASCADE
) ENGINE=InnoDB AUTO_INCREMENT=5 DEFAULT CHARSET=utf8 COMMENT='device 정보 테이블';
/*!40101 SET character_set_client = @saved_cs_client */;

--
-- Dumping data for table `device`
--

LOCK TABLES `device` WRITE;
/*!40000 ALTER TABLE `device` DISABLE KEYS */;
INSERT INTO `device` VALUES (1,'one_device1','2017-09-16 01:01:18','2017-09-16 01:01:18',2),(2,'one_device2','2017-09-16 01:01:44','2017-09-16 01:01:44',2),(3,'emocat','2017-09-16 06:12:53','2017-09-16 06:12:53',1),(4,'emocat2','2017-09-16 11:57:48','2017-09-16 11:57:48',2);
/*!40000 ALTER TABLE `device` ENABLE KEYS */;
UNLOCK TABLES;

--
-- Table structure for table `emoticon`
--

DROP TABLE IF EXISTS `emoticon`;
/*!40101 SET @saved_cs_client     = @@character_set_client */;
/*!40101 SET character_set_client = utf8 */;
CREATE TABLE `emoticon` (
  `id` int(11) NOT NULL AUTO_INCREMENT,
  `happiness` double NOT NULL,
  `face_id` text NOT NULL,
  `createdAt` datetime NOT NULL,
  `updatedAt` datetime NOT NULL,
  `device_id` int(11) DEFAULT NULL,
  PRIMARY KEY (`id`),
  KEY `device_id` (`device_id`),
  CONSTRAINT `emoticon_ibfk_1` FOREIGN KEY (`device_id`) REFERENCES `device` (`id`) ON DELETE CASCADE ON UPDATE CASCADE
) ENGINE=InnoDB AUTO_INCREMENT=2585 DEFAULT CHARSET=utf8 COMMENT='emoticon 정보 테이블';
/*!40101 SET character_set_client = @saved_cs_client */;

--
-- Dumping data for table `emoticon`
--

LOCK TABLES `emoticon` WRITE;
/*!40000 ALTER TABLE `emoticon` DISABLE KEYS */;
INSERT INTO `emoticon` VALUES (2210,0.00676205,'10','2017-09-17 01:15:50','2017-09-17 01:15:50',3),(2211,0.015802976,'10','2017-09-17 01:15:50','2017-09-17 01:15:50',3),(2212,0.032438494,'10','2017-09-17 01:15:50','2017-09-17 01:15:50',3),(2213,0.056875523,'10','2017-09-17 01:15:51','2017-09-17 01:15:51',3),(2214,0.017193578,'10','2017-09-17 01:15:51','2017-09-17 01:15:51',3),(2215,0.017193578,'10','2017-09-17 01:15:51','2017-09-17 01:15:51',3),(2216,0.0068108924,'10','2017-09-17 01:15:52','2017-09-17 01:15:52',3),(2217,0.030599961,'10','2017-09-17 01:15:52','2017-09-17 01:15:52',3),(2218,0.030599961,'10','2017-09-17 01:15:52','2017-09-17 01:15:52',3),(2219,0.0050374856,'4','2017-09-17 01:15:52','2017-09-17 01:15:52',4),(2220,0.0035071652,'4','2017-09-17 01:15:53','2017-09-17 01:15:53',4),(2221,0.003569699,'4','2017-09-17 01:15:53','2017-09-17 01:15:53',4),(2222,0.033457875,'10','2017-09-17 01:15:53','2017-09-17 01:15:53',3),(2223,0.15672638,'10','2017-09-17 01:15:53','2017-09-17 01:15:53',3),(2224,0.09475343,'10','2017-09-17 01:15:53','2017-09-17 01:15:53',3),(2225,0.045014895,'10','2017-09-17 01:15:54','2017-09-17 01:15:54',3),(2226,0.004172829,'4','2017-09-17 01:15:54','2017-09-17 01:15:54',4),(2227,0.004172829,'4','2017-09-17 01:15:54','2017-09-17 01:15:54',4),(2228,0.34629467,'10','2017-09-17 01:15:54','2017-09-17 01:15:54',3),(2229,0.34629467,'10','2017-09-17 01:15:54','2017-09-17 01:15:54',3),(2230,0.0048121978,'4','2017-09-17 01:15:55','2017-09-17 01:15:55',4),(2231,0.20277146,'10','2017-09-17 01:15:55','2017-09-17 01:15:55',3),(2232,0.12595896,'10','2017-09-17 01:15:55','2017-09-17 01:15:55',3),(2233,0.12595896,'10','2017-09-17 01:15:55','2017-09-17 01:15:55',3),(2234,0.059779104,'10','2017-09-17 01:15:56','2017-09-17 01:15:56',3),(2235,0.004955582,'4','2017-09-17 01:15:56','2017-09-17 01:15:56',4),(2236,0.0068781953,'10','2017-09-17 01:15:56','2017-09-17 01:15:56',3),(2237,0.0068781953,'10','2017-09-17 01:15:56','2017-09-17 01:15:56',3),(2238,0.004955582,'4','2017-09-17 01:15:57','2017-09-17 01:15:57',4),(2239,0.004626437,'4','2017-09-17 01:15:57','2017-09-17 01:15:57',4),(2240,0.011512708,'10','2017-09-17 01:15:57','2017-09-17 01:15:57',3),(2241,0.027917506,'10','2017-09-17 01:15:57','2017-09-17 01:15:57',3),(2242,0.067877285,'10','2017-09-17 01:15:57','2017-09-17 01:15:57',3),(2243,0.005405635,'4','2017-09-17 01:15:58','2017-09-17 01:15:58',4),(2244,0.0069852713,'10','2017-09-17 01:15:58','2017-09-17 01:15:58',3),(2245,0.049332194,'10','2017-09-17 01:15:58','2017-09-17 01:15:58',3),(2246,0.049332194,'10','2017-09-17 01:15:58','2017-09-17 01:15:58',3),(2247,0.006955217,'10','2017-09-17 01:15:59','2017-09-17 01:15:59',3),(2248,0.0045955586,'4','2017-09-17 01:15:59','2017-09-17 01:15:59',4),(2249,0.0045955586,'4','2017-09-17 01:15:59','2017-09-17 01:15:59',4),(2250,0.023070533,'10','2017-09-17 01:15:59','2017-09-17 01:15:59',3),(2251,0.023070533,'10','2017-09-17 01:15:59','2017-09-17 01:15:59',3),(2252,0.004770066,'4','2017-09-17 01:16:00','2017-09-17 01:16:00',4),(2253,0.05061559,'10','2017-09-17 01:16:00','2017-09-17 01:16:00',3),(2254,0.006732371,'10','2017-09-17 01:16:00','2017-09-17 01:16:00',3),(2255,0.006732371,'10','2017-09-17 01:16:00','2017-09-17 01:16:00',3),(2256,0.005320107,'4','2017-09-17 01:16:01','2017-09-17 01:16:01',4),(2257,0.006471055,'10','2017-09-17 01:16:01','2017-09-17 01:16:01',3),(2258,0.28816754,'10','2017-09-17 01:16:01','2017-09-17 01:16:01',3),(2259,0.9524898,'10','2017-09-17 01:16:01','2017-09-17 01:16:01',3),(2260,0.961114,'10','2017-09-17 01:16:02','2017-09-17 01:16:02',3),(2261,0.0042904513,'4','2017-09-17 01:16:02','2017-09-17 01:16:02',4),(2262,0.9527756,'10','2017-09-17 01:16:02','2017-09-17 01:16:02',3),(2263,0.96405286,'10','2017-09-17 01:16:02','2017-09-17 01:16:02',3),(2264,0.005255524,'4','2017-09-17 01:16:03','2017-09-17 01:16:03',4),(2265,0.9493805,'10','2017-09-17 01:16:03','2017-09-17 01:16:03',3),(2266,0.9634614,'10','2017-09-17 01:16:03','2017-09-17 01:16:03',3),(2267,0.9634614,'10','2017-09-17 01:16:03','2017-09-17 01:16:03',3),(2268,0.958967,'10','2017-09-17 01:16:03','2017-09-17 01:16:03',3),(2269,0.9642895,'10','2017-09-17 01:16:04','2017-09-17 01:16:04',3),(2270,0.0045695417,'4','2017-09-17 01:16:04','2017-09-17 01:16:04',4),(2271,0.0045695417,'4','2017-09-17 01:16:04','2017-09-17 01:16:04',4),(2272,0.75631136,'10','2017-09-17 01:16:04','2017-09-17 01:16:04',3),(2273,0.75631136,'10','2017-09-17 01:16:04','2017-09-17 01:16:04',3),(2274,0.9547031,'10','2017-09-17 01:16:05','2017-09-17 01:16:05',3),(2275,0.0027515218,'4','2017-09-17 01:16:05','2017-09-17 01:16:05',4),(2276,0.46658894,'10','2017-09-17 01:16:05','2017-09-17 01:16:05',3),(2277,0.14230144,'10','2017-09-17 01:16:06','2017-09-17 01:16:06',3),(2278,0.0065417816,'4','2017-09-17 01:16:06','2017-09-17 01:16:06',4),(2279,0.03042648,'4','2017-09-17 01:16:06','2017-09-17 01:16:06',4),(2280,0.063172236,'10','2017-09-17 01:16:06','2017-09-17 01:16:06',3),(2281,0.11761505,'10','2017-09-17 01:16:06','2017-09-17 01:16:06',3),(2282,0.0065924027,'10','2017-09-17 01:16:07','2017-09-17 01:16:07',3),(2283,0.12647617,'4','2017-09-17 01:16:07','2017-09-17 01:16:07',4),(2284,0.12647617,'4','2017-09-17 01:16:07','2017-09-17 01:16:07',4),(2285,0.053620167,'10','2017-09-17 01:16:07','2017-09-17 01:16:07',3),(2286,0.053620167,'10','2017-09-17 01:16:07','2017-09-17 01:16:07',3),(2287,0.049337957,'10','2017-09-17 01:16:08','2017-09-17 01:16:08',3),(2288,0.95183975,'4','2017-09-17 01:16:08','2017-09-17 01:16:08',4),(2289,0.05320385,'10','2017-09-17 01:16:08','2017-09-17 01:16:08',3),(2290,0.12980263,'10','2017-09-17 01:16:09','2017-09-17 01:16:09',3),(2291,0.9591841,'4','2017-09-17 01:16:09','2017-09-17 01:16:09',4),(2292,0.6753562,'4','2017-09-17 01:16:09','2017-09-17 01:16:09',4),(2293,0.006960573,'10','2017-09-17 01:16:09','2017-09-17 01:16:09',3),(2294,0.006960573,'10','2017-09-17 01:16:09','2017-09-17 01:16:09',3),(2295,0.006960573,'10','2017-09-17 01:16:09','2017-09-17 01:16:09',3),(2296,0.006573746,'10','2017-09-17 01:16:10','2017-09-17 01:16:10',3),(2297,0.96171296,'4','2017-09-17 01:16:10','2017-09-17 01:16:10',4),(2298,0.96171296,'4','2017-09-17 01:16:10','2017-09-17 01:16:10',4),(2299,0.96171296,'4','2017-09-17 01:16:10','2017-09-17 01:16:10',4),(2300,0.029136332,'10','2017-09-17 01:16:10','2017-09-17 01:16:10',3),(2301,0.029136332,'10','2017-09-17 01:16:10','2017-09-17 01:16:10',3),(2302,0.029136332,'10','2017-09-17 01:16:10','2017-09-17 01:16:10',3),(2303,0.956074,'4','2017-09-17 01:16:11','2017-09-17 01:16:11',4),(2304,0.006548429,'10','2017-09-17 01:16:11','2017-09-17 01:16:11',3),(2305,0.956074,'4','2017-09-17 01:16:11','2017-09-17 01:16:11',4),(2306,0.048436247,'10','2017-09-17 01:16:11','2017-09-17 01:16:11',3),(2307,0.0057701073,'10','2017-09-17 01:16:12','2017-09-17 01:16:12',3),(2308,0.08483272,'4','2017-09-17 01:16:12','2017-09-17 01:16:12',4),(2309,0.08483272,'4','2017-09-17 01:16:12','2017-09-17 01:16:12',4),(2310,0.006769057,'10','2017-09-17 01:16:12','2017-09-17 01:16:12',3),(2311,0.006769057,'10','2017-09-17 01:16:12','2017-09-17 01:16:12',3),(2312,0.006769057,'10','2017-09-17 01:16:12','2017-09-17 01:16:12',3),(2313,0.006769057,'10','2017-09-17 01:16:12','2017-09-17 01:16:12',3),(2314,0.11524847,'4','2017-09-17 01:16:13','2017-09-17 01:16:13',4),(2315,0.0068899887,'10','2017-09-17 01:16:13','2017-09-17 01:16:13',3),(2316,0.005316038,'10','2017-09-17 01:16:13','2017-09-17 01:16:13',3),(2317,0.00673983,'10','2017-09-17 01:16:13','2017-09-17 01:16:13',3),(2318,0.14664455,'4','2017-09-17 01:16:14','2017-09-17 01:16:14',4),(2319,0.0330028,'10','2017-09-17 01:16:14','2017-09-17 01:16:14',3),(2320,0.15788507,'4','2017-09-17 01:16:14','2017-09-17 01:16:14',4),(2321,0.07839752,'10','2017-09-17 01:16:14','2017-09-17 01:16:14',3),(2322,0.049913116,'10','2017-09-17 01:16:14','2017-09-17 01:16:14',3),(2323,0.0056677735,'10','2017-09-17 01:16:15','2017-09-17 01:16:15',3),(2324,0.0067603774,'4','2017-09-17 01:16:15','2017-09-17 01:16:15',4),(2325,0.06864776,'10','2017-09-17 01:16:15','2017-09-17 01:16:15',3),(2326,0.06864776,'10','2017-09-17 01:16:15','2017-09-17 01:16:15',3),(2327,0.09557251,'10','2017-09-17 01:16:16','2017-09-17 01:16:16',3),(2328,0.0024952055,'5','2017-09-17 01:16:16','2017-09-17 01:16:16',4),(2329,0.43384048,'11','2017-09-17 01:16:16','2017-09-17 01:16:16',3),(2330,0.43384048,'11','2017-09-17 01:16:16','2017-09-17 01:16:16',3),(2331,0.43384048,'11','2017-09-17 01:16:16','2017-09-17 01:16:16',3),(2332,0.342852,'11','2017-09-17 01:16:17','2017-09-17 01:16:17',3),(2333,0.0020590571,'5','2017-09-17 01:16:17','2017-09-17 01:16:17',4),(2334,0.0020590571,'5','2017-09-17 01:16:17','2017-09-17 01:16:17',4),(2335,0.2909107,'11','2017-09-17 01:16:17','2017-09-17 01:16:17',3),(2336,0.2909107,'11','2017-09-17 01:16:17','2017-09-17 01:16:17',3),(2337,0.002407242,'5','2017-09-17 01:16:18','2017-09-17 01:16:18',4),(2338,0.002407242,'5','2017-09-17 01:16:18','2017-09-17 01:16:18',4),(2339,0.028881645,'4','2017-09-17 01:16:18','2017-09-17 01:16:18',4),(2340,0.002407242,'5','2017-09-17 01:16:18','2017-09-17 01:16:18',4),(2341,0.11626058,'11','2017-09-17 01:16:18','2017-09-17 01:16:18',3),(2342,0.8652097,'11','2017-09-17 01:16:18','2017-09-17 01:16:18',3),(2343,0.8652097,'11','2017-09-17 01:16:18','2017-09-17 01:16:18',3),(2344,0.52885246,'11','2017-09-17 01:16:19','2017-09-17 01:16:19',3),(2345,0.0020081329,'5','2017-09-17 01:16:19','2017-09-17 01:16:19',4),(2346,0.0020081329,'5','2017-09-17 01:16:19','2017-09-17 01:16:19',4),(2347,0.31303886,'11','2017-09-17 01:16:19','2017-09-17 01:16:19',3),(2348,0.31303886,'11','2017-09-17 01:16:19','2017-09-17 01:16:19',3),(2349,0.0017866462,'5','2017-09-17 01:16:20','2017-09-17 01:16:20',4),(2350,0.0017866462,'5','2017-09-17 01:16:20','2017-09-17 01:16:20',4),(2351,0.31060138,'4','2017-09-17 01:16:20','2017-09-17 01:16:20',4),(2352,0.46821743,'11','2017-09-17 01:16:20','2017-09-17 01:16:20',3),(2353,0.51006204,'11','2017-09-17 01:16:20','2017-09-17 01:16:20',3),(2354,0.51006204,'11','2017-09-17 01:16:20','2017-09-17 01:16:20',3),(2355,0.0054545826,'4','2017-09-17 01:16:21','2017-09-17 01:16:21',4),(2356,0.004171563,'5','2017-09-17 01:16:21','2017-09-17 01:16:21',4),(2357,0.004171563,'5','2017-09-17 01:16:21','2017-09-17 01:16:21',4),(2358,0.490432,'11','2017-09-17 01:16:21','2017-09-17 01:16:21',3),(2359,0.45513046,'11','2017-09-17 01:16:21','2017-09-17 01:16:21',3),(2360,0.0017698746,'5','2017-09-17 01:16:22','2017-09-17 01:16:22',4),(2361,0.003971873,'5','2017-09-17 01:16:22','2017-09-17 01:16:22',4),(2362,0.5074806,'11','2017-09-17 01:16:22','2017-09-17 01:16:22',3),(2363,0.23848009,'11','2017-09-17 01:16:22','2017-09-17 01:16:22',3),(2364,0.23848009,'11','2017-09-17 01:16:22','2017-09-17 01:16:22',3),(2365,0.36896145,'11','2017-09-17 01:16:23','2017-09-17 01:16:23',3),(2366,0.004537682,'5','2017-09-17 01:16:23','2017-09-17 01:16:23',4),(2367,0.2870083,'11','2017-09-17 01:16:23','2017-09-17 01:16:23',3),(2368,0.2870083,'11','2017-09-17 01:16:23','2017-09-17 01:16:23',3),(2369,0.082217865,'5','2017-09-17 01:16:24','2017-09-17 01:16:24',4),(2370,0.0055988748,'11','2017-09-17 01:16:24','2017-09-17 01:16:24',3),(2371,0.16547993,'5','2017-09-17 01:16:24','2017-09-17 01:16:24',4),(2372,0.006485892,'11','2017-09-17 01:16:24','2017-09-17 01:16:24',3),(2373,0.006485892,'11','2017-09-17 01:16:24','2017-09-17 01:16:24',3),(2374,0.006485892,'11','2017-09-17 01:16:24','2017-09-17 01:16:24',3),(2375,0.11655818,'5','2017-09-17 01:16:25','2017-09-17 01:16:25',4),(2376,0.006751677,'11','2017-09-17 01:16:25','2017-09-17 01:16:25',3),(2377,0.11655818,'5','2017-09-17 01:16:25','2017-09-17 01:16:25',4),(2378,0.9537837,'4','2017-09-17 01:16:25','2017-09-17 01:16:25',4),(2379,0.023139026,'11','2017-09-17 01:16:25','2017-09-17 01:16:25',3),(2380,0.8472688,'12','2017-09-17 01:16:25','2017-09-17 01:16:25',3),(2381,0.023139026,'11','2017-09-17 01:16:25','2017-09-17 01:16:25',3),(2382,0.3271801,'5','2017-09-17 01:16:26','2017-09-17 01:16:26',4),(2383,0.0060338792,'11','2017-09-17 01:16:26','2017-09-17 01:16:26',3),(2384,0.3271801,'5','2017-09-17 01:16:26','2017-09-17 01:16:26',4),(2385,0.005609539,'11','2017-09-17 01:16:26','2017-09-17 01:16:26',3),(2386,0.41297588,'12','2017-09-17 01:16:26','2017-09-17 01:16:26',3),(2387,0.005609539,'11','2017-09-17 01:16:26','2017-09-17 01:16:26',3),(2388,0.005087198,'11','2017-09-17 01:16:27','2017-09-17 01:16:27',3),(2389,0.22345908,'5','2017-09-17 01:16:27','2017-09-17 01:16:27',4),(2390,0.22345908,'5','2017-09-17 01:16:27','2017-09-17 01:16:27',4),(2391,0.006232553,'11','2017-09-17 01:16:27','2017-09-17 01:16:27',3),(2392,0.006232553,'11','2017-09-17 01:16:27','2017-09-17 01:16:27',3),(2393,0.39101124,'11','2017-09-17 01:16:28','2017-09-17 01:16:28',3),(2394,0.18152207,'5','2017-09-17 01:16:28','2017-09-17 01:16:28',4),(2395,0.95213836,'4','2017-09-17 01:16:28','2017-09-17 01:16:28',4),(2396,0.40723777,'11','2017-09-17 01:16:28','2017-09-17 01:16:28',3),(2397,0.40723777,'11','2017-09-17 01:16:28','2017-09-17 01:16:28',3),(2398,0.6320811,'11','2017-09-17 01:16:29','2017-09-17 01:16:29',3),(2399,0.201578,'5','2017-09-17 01:16:29','2017-09-17 01:16:29',4),(2400,0.10954368,'12','2017-09-17 01:16:29','2017-09-17 01:16:29',3),(2401,0.32059193,'11','2017-09-17 01:16:29','2017-09-17 01:16:29',3),(2402,0.32059193,'11','2017-09-17 01:16:29','2017-09-17 01:16:29',3),(2403,0.32881042,'11','2017-09-17 01:16:30','2017-09-17 01:16:30',3),(2404,0.2960312,'5','2017-09-17 01:16:30','2017-09-17 01:16:30',4),(2405,0.29807803,'5','2017-09-17 01:16:30','2017-09-17 01:16:30',4),(2406,0.44909516,'11','2017-09-17 01:16:30','2017-09-17 01:16:30',3),(2407,0.44909516,'11','2017-09-17 01:16:30','2017-09-17 01:16:30',3),(2408,0.15289003,'5','2017-09-17 01:16:31','2017-09-17 01:16:31',4),(2409,0.15289003,'5','2017-09-17 01:16:31','2017-09-17 01:16:31',4),(2410,0.22643399,'11','2017-09-17 01:16:31','2017-09-17 01:16:31',3),(2411,0.388823,'11','2017-09-17 01:16:31','2017-09-17 01:16:31',3),(2412,0.388823,'11','2017-09-17 01:16:31','2017-09-17 01:16:31',3),(2413,0.09498481,'12','2017-09-17 01:16:31','2017-09-17 01:16:31',3),(2414,0.16975304,'5','2017-09-17 01:16:32','2017-09-17 01:16:32',4),(2415,0.16975304,'5','2017-09-17 01:16:32','2017-09-17 01:16:32',4),(2416,0.63064724,'4','2017-09-17 01:16:32','2017-09-17 01:16:32',4),(2417,0.16975304,'5','2017-09-17 01:16:32','2017-09-17 01:16:32',4),(2418,0.21540445,'11','2017-09-17 01:16:32','2017-09-17 01:16:32',3),(2419,0.09061221,'12','2017-09-17 01:16:32','2017-09-17 01:16:32',3),(2420,0.09061221,'12','2017-09-17 01:16:32','2017-09-17 01:16:32',3),(2421,0.059407372,'12','2017-09-17 01:16:32','2017-09-17 01:16:32',3),(2422,0.26067555,'5','2017-09-17 01:16:33','2017-09-17 01:16:33',4),(2423,0.15003718,'12','2017-09-17 01:16:33','2017-09-17 01:16:33',3),(2424,0.7228334,'4','2017-09-17 01:16:33','2017-09-17 01:16:33',4),(2425,0.017211538,'12','2017-09-17 01:16:33','2017-09-17 01:16:33',3),(2426,0.017211538,'12','2017-09-17 01:16:33','2017-09-17 01:16:33',3),(2427,0.19034636,'5','2017-09-17 01:16:34','2017-09-17 01:16:34',4),(2428,0.14849246,'12','2017-09-17 01:16:34','2017-09-17 01:16:34',3),(2429,0.22921169,'12','2017-09-17 01:16:34','2017-09-17 01:16:34',3),(2430,0.22921169,'12','2017-09-17 01:16:34','2017-09-17 01:16:34',3),(2431,0.35090405,'12','2017-09-17 01:16:35','2017-09-17 01:16:35',3),(2432,0.09652294,'4','2017-09-17 01:16:35','2017-09-17 01:16:35',4),(2433,0.95551336,'12','2017-09-17 01:16:35','2017-09-17 01:16:35',3),(2434,0.95551336,'12','2017-09-17 01:16:35','2017-09-17 01:16:35',3),(2435,0.11169187,'6','2017-09-17 01:16:52','2017-09-17 01:16:52',4),(2436,0.11695879,'7','2017-09-17 01:16:53','2017-09-17 01:16:53',4),(2437,0.029924946,'7','2017-09-17 01:16:54','2017-09-17 01:16:54',4),(2438,0.029924946,'7','2017-09-17 01:16:54','2017-09-17 01:16:54',4),(2439,0.081176706,'7','2017-09-17 01:16:55','2017-09-17 01:16:55',4),(2440,0.06170855,'14','2017-09-17 01:19:16','2017-09-17 01:19:16',3),(2441,0.0069735073,'14','2017-09-17 01:19:16','2017-09-17 01:19:16',3),(2442,0.009841346,'14','2017-09-17 01:19:16','2017-09-17 01:19:16',3),(2443,0.0067902887,'14','2017-09-17 01:19:16','2017-09-17 01:19:16',3),(2444,0.009841346,'14','2017-09-17 01:19:16','2017-09-17 01:19:16',3),(2445,0.07674546,'14','2017-09-17 01:19:17','2017-09-17 01:19:17',3),(2446,0.086973175,'14','2017-09-17 01:19:17','2017-09-17 01:19:17',3),(2447,0.086973175,'14','2017-09-17 01:19:17','2017-09-17 01:19:17',3),(2448,0.0061331443,'10','2017-09-17 01:19:18','2017-09-17 01:19:18',4),(2449,0.006523679,'10','2017-09-17 01:19:18','2017-09-17 01:19:18',4),(2450,0.05089481,'14','2017-09-17 01:19:18','2017-09-17 01:19:18',3),(2451,0.008745658,'14','2017-09-17 01:19:18','2017-09-17 01:19:18',3),(2452,0.020936318,'14','2017-09-17 01:19:18','2017-09-17 01:19:18',3),(2453,0.030738749,'10','2017-09-17 01:19:19','2017-09-17 01:19:19',4),(2454,0.005883142,'10','2017-09-17 01:19:19','2017-09-17 01:19:19',4),(2455,0.06785665,'14','2017-09-17 01:19:19','2017-09-17 01:19:19',3),(2456,0.042572614,'14','2017-09-17 01:19:19','2017-09-17 01:19:19',3),(2457,0.007923887,'14','2017-09-17 01:19:19','2017-09-17 01:19:19',3),(2458,0.055952135,'10','2017-09-17 01:19:20','2017-09-17 01:19:20',4),(2459,0.055952135,'10','2017-09-17 01:19:20','2017-09-17 01:19:20',4),(2460,0.019407064,'14','2017-09-17 01:19:20','2017-09-17 01:19:20',3),(2461,0.09169281,'14','2017-09-17 01:19:20','2017-09-17 01:19:20',3),(2462,0.005930492,'10','2017-09-17 01:19:21','2017-09-17 01:19:21',4),(2463,0.005930492,'10','2017-09-17 01:19:21','2017-09-17 01:19:21',4),(2464,0.031852875,'14','2017-09-17 01:19:21','2017-09-17 01:19:21',3),(2465,0.034879506,'14','2017-09-17 01:19:21','2017-09-17 01:19:21',3),(2466,0.0873707,'14','2017-09-17 01:19:21','2017-09-17 01:19:21',3),(2467,0.073466636,'14','2017-09-17 01:19:21','2017-09-17 01:19:21',3),(2468,0.094564706,'14','2017-09-17 01:19:22','2017-09-17 01:19:22',3),(2469,0.060097,'10','2017-09-17 01:19:22','2017-09-17 01:19:22',4),(2470,0.050499905,'14','2017-09-17 01:19:22','2017-09-17 01:19:22',3),(2471,0.050499905,'14','2017-09-17 01:19:22','2017-09-17 01:19:22',3),(2472,0.062043134,'10','2017-09-17 01:19:23','2017-09-17 01:19:23',4),(2473,0.062043134,'10','2017-09-17 01:19:23','2017-09-17 01:19:23',4),(2474,0.15635054,'14','2017-09-17 01:19:23','2017-09-17 01:19:23',3),(2475,0.20041291,'14','2017-09-17 01:19:23','2017-09-17 01:19:23',3),(2476,0.20041291,'14','2017-09-17 01:19:23','2017-09-17 01:19:23',3),(2477,0.9523619,'10','2017-09-17 01:19:24','2017-09-17 01:19:24',4),(2478,0.9523619,'10','2017-09-17 01:19:24','2017-09-17 01:19:24',4),(2479,0.20090862,'14','2017-09-17 01:19:24','2017-09-17 01:19:24',3),(2480,0.14917715,'14','2017-09-17 01:19:24','2017-09-17 01:19:24',3),(2481,0.14917715,'14','2017-09-17 01:19:24','2017-09-17 01:19:24',3),(2482,0.14188075,'14','2017-09-17 01:19:24','2017-09-17 01:19:24',3),(2483,0.9508919,'10','2017-09-17 01:19:25','2017-09-17 01:19:25',4),(2484,0.9508919,'10','2017-09-17 01:19:25','2017-09-17 01:19:25',4),(2485,0.64195573,'14','2017-09-17 01:19:25','2017-09-17 01:19:25',3),(2486,0.4000978,'14','2017-09-17 01:19:25','2017-09-17 01:19:25',3),(2487,0.4000978,'14','2017-09-17 01:19:25','2017-09-17 01:19:25',3),(2488,0.9485109,'10','2017-09-17 01:19:26','2017-09-17 01:19:26',4),(2489,0.5258902,'14','2017-09-17 01:19:26','2017-09-17 01:19:26',3),(2490,0.33528307,'14','2017-09-17 01:19:26','2017-09-17 01:19:26',3),(2491,0.1544955,'14','2017-09-17 01:19:26','2017-09-17 01:19:26',3),(2492,0.1544955,'14','2017-09-17 01:19:26','2017-09-17 01:19:26',3),(2493,0.9578039,'10','2017-09-17 01:19:27','2017-09-17 01:19:27',4),(2494,0.9578039,'10','2017-09-17 01:19:27','2017-09-17 01:19:27',4),(2495,0.2914823,'14','2017-09-17 01:19:27','2017-09-17 01:19:27',3),(2496,0.191858,'14','2017-09-17 01:19:27','2017-09-17 01:19:27',3),(2497,0.19653714,'14','2017-09-17 01:19:27','2017-09-17 01:19:27',3),(2498,0.9567665,'10','2017-09-17 01:19:28','2017-09-17 01:19:28',4),(2499,0.94970953,'10','2017-09-17 01:19:28','2017-09-17 01:19:28',4),(2500,0.13767396,'14','2017-09-17 01:19:28','2017-09-17 01:19:28',3),(2501,0.46838355,'14','2017-09-17 01:19:28','2017-09-17 01:19:28',3),(2502,0.46838355,'14','2017-09-17 01:19:28','2017-09-17 01:19:28',3),(2503,0.46838355,'14','2017-09-17 01:19:28','2017-09-17 01:19:28',3),(2504,0.025913691,'10','2017-09-17 01:19:29','2017-09-17 01:19:29',4),(2505,0.34181052,'14','2017-09-17 01:19:29','2017-09-17 01:19:29',3),(2506,0.025913691,'10','2017-09-17 01:19:29','2017-09-17 01:19:29',4),(2507,0.22082332,'14','2017-09-17 01:19:29','2017-09-17 01:19:29',3),(2508,0.22082332,'14','2017-09-17 01:19:29','2017-09-17 01:19:29',3),(2509,0.2776098,'14','2017-09-17 01:19:29','2017-09-17 01:19:29',3),(2510,0.12027075,'10','2017-09-17 01:19:30','2017-09-17 01:19:30',4),(2511,0.12027075,'10','2017-09-17 01:19:30','2017-09-17 01:19:30',4),(2512,0.3669105,'14','2017-09-17 01:19:30','2017-09-17 01:19:30',3),(2513,0.026648248,'10','2017-09-17 01:19:30','2017-09-17 01:19:30',4),(2514,0.14544564,'14','2017-09-17 01:19:30','2017-09-17 01:19:30',3),(2515,0.21031277,'14','2017-09-17 01:19:30','2017-09-17 01:19:30',3),(2516,0.06611369,'10','2017-09-17 01:19:31','2017-09-17 01:19:31',4),(2517,0.16654558,'14','2017-09-17 01:19:31','2017-09-17 01:19:31',3),(2518,0.189439,'10','2017-09-17 01:19:31','2017-09-17 01:19:31',4),(2519,0.22157782,'14','2017-09-17 01:19:31','2017-09-17 01:19:31',3),(2520,0.22157782,'14','2017-09-17 01:19:31','2017-09-17 01:19:31',3),(2521,0.39408714,'14','2017-09-17 01:19:31','2017-09-17 01:19:31',3),(2522,0.013116877,'10','2017-09-17 01:19:32','2017-09-17 01:19:32',4),(2523,0.12807739,'14','2017-09-17 01:19:32','2017-09-17 01:19:32',3),(2524,0.013116877,'10','2017-09-17 01:19:32','2017-09-17 01:19:32',4),(2525,0.18424185,'14','2017-09-17 01:19:32','2017-09-17 01:19:32',3),(2526,0.18424185,'14','2017-09-17 01:19:32','2017-09-17 01:19:32',3),(2527,0.18424185,'14','2017-09-17 01:19:32','2017-09-17 01:19:32',3),(2528,0.07918339,'14','2017-09-17 01:19:33','2017-09-17 01:19:33',3),(2529,0.051055934,'10','2017-09-17 01:19:33','2017-09-17 01:19:33',4),(2530,0.051055934,'10','2017-09-17 01:19:33','2017-09-17 01:19:33',4),(2531,0.018800229,'14','2017-09-17 01:19:33','2017-09-17 01:19:33',3),(2532,0.018800229,'14','2017-09-17 01:19:33','2017-09-17 01:19:33',3),(2533,0.043980286,'14','2017-09-17 01:19:33','2017-09-17 01:19:33',3),(2534,0.05405581,'10','2017-09-17 01:19:34','2017-09-17 01:19:34',4),(2535,0.019178575,'10','2017-09-17 01:19:34','2017-09-17 01:19:34',4),(2536,0.008620029,'14','2017-09-17 01:19:34','2017-09-17 01:19:34',3),(2537,0.0060982383,'14','2017-09-17 01:19:34','2017-09-17 01:19:34',3),(2538,0.0060997778,'14','2017-09-17 01:19:34','2017-09-17 01:19:34',3),(2539,0.032055493,'10','2017-09-17 01:19:35','2017-09-17 01:19:35',4),(2540,0.032055493,'10','2017-09-17 01:19:35','2017-09-17 01:19:35',4),(2541,0.1092341,'14','2017-09-17 01:19:35','2017-09-17 01:19:35',3),(2542,0.009584252,'14','2017-09-17 01:19:35','2017-09-17 01:19:35',3),(2543,0.009584252,'14','2017-09-17 01:19:35','2017-09-17 01:19:35',3),(2544,0.028797429,'10','2017-09-17 01:19:36','2017-09-17 01:19:36',4),(2545,0.028797429,'10','2017-09-17 01:19:36','2017-09-17 01:19:36',4),(2546,0.1736245,'14','2017-09-17 01:19:36','2017-09-17 01:19:36',3),(2547,0.30393127,'14','2017-09-17 01:19:36','2017-09-17 01:19:36',3),(2548,0.6232074,'14','2017-09-17 01:19:36','2017-09-17 01:19:36',3),(2549,0.5048486,'10','2017-09-17 01:19:37','2017-09-17 01:19:37',4),(2550,0.5048486,'10','2017-09-17 01:19:37','2017-09-17 01:19:37',4),(2551,0.41103125,'14','2017-09-17 01:19:37','2017-09-17 01:19:37',3),(2552,0.4617971,'14','2017-09-17 01:19:37','2017-09-17 01:19:37',3),(2553,0.78449965,'14','2017-09-17 01:19:37','2017-09-17 01:19:37',3),(2554,0.89175117,'10','2017-09-17 01:19:38','2017-09-17 01:19:38',4),(2555,0.89175117,'10','2017-09-17 01:19:38','2017-09-17 01:19:38',4),(2556,0.4342817,'14','2017-09-17 01:19:38','2017-09-17 01:19:38',3),(2557,0.5987459,'14','2017-09-17 01:19:38','2017-09-17 01:19:38',3),(2558,0.6944919,'14','2017-09-17 01:19:38','2017-09-17 01:19:38',3),(2559,0.9525136,'10','2017-09-17 01:19:39','2017-09-17 01:19:39',4),(2560,0.9525136,'10','2017-09-17 01:19:39','2017-09-17 01:19:39',4),(2561,0.58776164,'14','2017-09-17 01:19:39','2017-09-17 01:19:39',3),(2562,0.24306266,'14','2017-09-17 01:19:39','2017-09-17 01:19:39',3),(2563,0.2931419,'14','2017-09-17 01:19:39','2017-09-17 01:19:39',3),(2564,0.95435685,'10','2017-09-17 01:19:40','2017-09-17 01:19:40',4),(2565,0.95435685,'10','2017-09-17 01:19:40','2017-09-17 01:19:40',4),(2566,0.049669817,'14','2017-09-17 01:19:40','2017-09-17 01:19:40',3),(2567,0.011836421,'14','2017-09-17 01:19:40','2017-09-17 01:19:40',3),(2568,0.022828277,'14','2017-09-17 01:19:40','2017-09-17 01:19:40',3),(2569,0.23886715,'10','2017-09-17 01:19:41','2017-09-17 01:19:41',4),(2570,0.23886715,'10','2017-09-17 01:19:41','2017-09-17 01:19:41',4),(2571,0.09212168,'14','2017-09-17 01:19:41','2017-09-17 01:19:41',3),(2572,0.26232487,'14','2017-09-17 01:19:41','2017-09-17 01:19:41',3),(2573,0.08761506,'14','2017-09-17 01:19:41','2017-09-17 01:19:41',3),(2574,0.25328344,'10','2017-09-17 01:19:42','2017-09-17 01:19:42',4),(2575,0.20558718,'14','2017-09-17 01:19:42','2017-09-17 01:19:42',3),(2576,0.25328344,'10','2017-09-17 01:19:42','2017-09-17 01:19:42',4),(2577,0.5469426,'10','2017-09-17 01:19:43','2017-09-17 01:19:43',4),(2578,0.45243776,'10','2017-09-17 01:19:43','2017-09-17 01:19:43',4),(2579,0.22901483,'13','2017-09-17 03:57:05','2017-09-17 03:57:05',4),(2580,0.0045075645,'14','2017-09-17 03:57:07','2017-09-17 03:57:07',4),(2581,0.0045075645,'14','2017-09-17 03:57:07','2017-09-17 03:57:07',4),(2582,0.0045075645,'14','2017-09-17 03:57:07','2017-09-17 03:57:07',4),(2583,0.0056401687,'14','2017-09-17 03:57:07','2017-09-17 03:57:07',4),(2584,0.006444706,'14','2017-09-17 03:57:08','2017-09-17 03:57:08',4);
/*!40000 ALTER TABLE `emoticon` ENABLE KEYS */;
UNLOCK TABLES;

--
-- Table structure for table `user`
--

DROP TABLE IF EXISTS `user`;
/*!40101 SET @saved_cs_client     = @@character_set_client */;
/*!40101 SET character_set_client = utf8 */;
CREATE TABLE `user` (
  `id` int(11) NOT NULL AUTO_INCREMENT,
  `name` text NOT NULL,
  `uid` text NOT NULL,
  `password` text NOT NULL,
  `type` int(11) NOT NULL DEFAULT '0',
  `key` text NOT NULL,
  `createdAt` datetime NOT NULL,
  `updatedAt` datetime NOT NULL,
  PRIMARY KEY (`id`)
) ENGINE=InnoDB AUTO_INCREMENT=4 DEFAULT CHARSET=utf8 COMMENT='사용자 정보 테이블';
/*!40101 SET character_set_client = @saved_cs_client */;

--
-- Dumping data for table `user`
--

LOCK TABLES `user` WRITE;
/*!40000 ALTER TABLE `user` DISABLE KEYS */;
INSERT INTO `user` VALUES (1,'이하늘','sky','03ac674216f3e15c761ee1a5e255f067953623c8b388b4459e13f978d7c846f4',0,'non','2017-09-16 00:00:00','2017-09-16 00:00:00'),(2,'최원영','one','03ac674216f3e15c761ee1a5e255f067953623c8b388b4459e13f978d7c846f4',0,'','2017-09-16 01:00:16','2017-09-16 01:00:16'),(3,'강태희','dang','03ac674216f3e15c761ee1a5e255f067953623c8b388b4459e13f978d7c846f4',0,'','2017-09-16 01:00:37','2017-09-16 01:00:37');
/*!40000 ALTER TABLE `user` ENABLE KEYS */;
UNLOCK TABLES;
/*!40103 SET TIME_ZONE=@OLD_TIME_ZONE */;

/*!40101 SET SQL_MODE=@OLD_SQL_MODE */;
/*!40014 SET FOREIGN_KEY_CHECKS=@OLD_FOREIGN_KEY_CHECKS */;
/*!40014 SET UNIQUE_CHECKS=@OLD_UNIQUE_CHECKS */;
/*!40101 SET CHARACTER_SET_CLIENT=@OLD_CHARACTER_SET_CLIENT */;
/*!40101 SET CHARACTER_SET_RESULTS=@OLD_CHARACTER_SET_RESULTS */;
/*!40101 SET COLLATION_CONNECTION=@OLD_COLLATION_CONNECTION */;
/*!40111 SET SQL_NOTES=@OLD_SQL_NOTES */;

-- Dump completed on 2017-09-17  3:19:31
